numero,titulo,pagina_html,audio_mp3
01,"Exposição Comemorativa da Inauguração do Memorial MPF",obra01-exposicao-comemorativa.html,media/audio01.mp3
02,"Maquete tátil do complexo arquitetônico da Procuradoria-Geral da República, em Brasília, sede do Ministério Público Federal",obra02-maquete-pgr.html,media/audio02.mp3
03,"Exposição em Homenagem ao Procurador Pedro Jorge",obra03-pedro-jorge.html,media/audio03.mp3
04,"Prêmios recebidos pelo Ministério Público Federal — Parte 1 — Declaração do Procurador Geral da República, esculturas e Prêmios de Comunicação e justiça",obra04-premios-parte1.html,media/audio04.mp3
05,"Prêmios recebidos pelo Ministério Público Federal — Parte 2 — Troféus",obra05-premios-parte2.html,media/audio05.mp3
06,"Prêmios recebidos pelo Ministério Público Federal — Parte 3 — Medalha, Troféus e Menção Honrosa",obra06-premios-parte3.html,media/audio06.mp3
07,"Constituição da República Federativa do Brasil de 1988",obra07-constituicao-1988.html,media/audio07.mp3
08,"Máquina de escrever portátil Olivetti Lettera 32, na cor verde clara, produzida na segunda metade do século XX",obra08-olivetti-lettera-32.html,media/audio08.mp3
09,"Pasta de processos da década de 1970, produzida pela marca Levi",obra09-pasta-processos.html,media/audio09.mp3
10,"Cadeira da década de 1940, pertencente ao gabinete do Procurador-Geral da República",obra10-cadeira-decada-1940.html,media/audio10.mp3
11,"Campainha estilo sineta da marca Deluxe 440, fabricada em ferro na cor cinza-claro, da segunda metade do século XX",obra11-campainha-deluxe-440.html,media/audio11.mp3
12,"Conjunto composto por um porta-cigarros e dois cinzeiros, datado de 1973, confeccionado em pedra de alabastro italiano na cor azul",obra12-porta-cigarros-cinzeiros.html,media/audio12.mp3
13,"Bandeja de documentos confeccionada em madeira de jacarandá",obra13-bandeja-documentos.html,media/audio13.mp3
14,"Antigo mancebo, ou cabideiro de pé, confeccionado em madeira de lei escura, datado da segunda metade do século XX",obra14-mancebo-cabideiro.html,media/audio14.mp3
15,"Mesa de gabinete em madeira maciça, de tom escuro, com entalhes decorativos",obra15-mesa-gabinete.html,media/audio15.mp3
16,"Traje de gala masculino utilizado por Procuradores-Gerais da República na década de 1990",obra16-traje-gala-masculino.html,media/audio16.mp3
17,"Veste talar feminina utilizada pela Subprocuradora-Geral da República Edicléia Tavares Nogueira de Paula, na década de 1990",obra17-veste-talar-feminina.html,media/audio17.mp3